{
  "cases": 3,
  "top_k": 5,
  "avg_hit": 1.0,
  "avg_mrr": 0.8333333333333334,
  "avg_ndcg": 1.0,
  "avg_latency_s": 0.3072014093331745,
  "details": [
    {
      "query": "Мегалодон зъб размер около 12см",
      "expected": [
        "5186_0",
        "5184_0"
      ],
      "retrieved": [
        "5183_0",
        "5186_0",
        "5184_0",
        "4492_0",
        "2184_0"
      ],
      "hit": 1,
      "mrr": 0.5,
      "ndcg": 1.0,
      "embed_time": 0.37779453999974066,
      "db_time": 0.022661635000076785,
      "total_time": 0.40045617499981745
    },
    {
      "query": "Опализиран амонит 17х14",
      "expected": [
        "1252_0",
        "3415_0"
      ],
      "retrieved": [
        "1252_0",
        "2184_0",
        "107_0",
        "5096_0",
        "5184_0"
      ],
      "hit": 1,
      "mrr": 1.0,
      "ndcg": 1.0,
      "embed_time": 0.1887366569999358,
      "db_time": 0.01563951700063626,
      "total_time": 0.20437617400057206
    },
    {
      "query": "малък фосил на акула",
      "expected": [
        "4492_0"
      ],
      "retrieved": [
        "4492_0",
        "5096_0",
        "107_0",
        "5183_0",
        "5184_0"
      ],
      "hit": 1,
      "mrr": 1.0,
      "ndcg": 1.0,
      "embed_time": 0.2982489159994657,
      "db_time": 0.01852296299966838,
      "total_time": 0.31677187899913406
    }
  ]
}